Event Title ,Billing ,Songkick Artist URI,Artist,Latitude ,Longitude ,Number 1 Streamed Track ,Number of Listeners,Venue,,,,,,,,,,,,,,,,,,,,,,,,,,,,,,,,,,,,,,,,,,,,,,,,,,,,,,,,,,,,,,,,,,,,,,,,,,,,,,,,,,,,,,,,,,,,,,,,,,,,,,,,,,,,,,,,,,,,,,,,,,,,,,,,,,,,,,,,,,,,,,,,,,,,,,,,,,,,,,,,,,,,,,,,,,,,,,,,,,,,,,,,,,,,,,,,,,,,,,,,,,,,,,,,,,,,,,,,,,
"Taking Back Sunday at Terminal 5 (November 15, 2019)",headline,http://www.songkick.com/artists/117092-taking-back-sunday?utm_source=59227&utm_medium=partner,Taking Back Sunday,40.77066,-73.99427,You're So Last Summer,"335,310",Terminal 5,,,,,,,,,,,,,,,,,,,,,,,,,,,,,,,,,,,,,,,,,,,,,,,,,,,,,,,,,,,,,,,,,,,,,,,,,,,,,,,,,,,,,,,,,,,,,,,,,,,,,,,,,,,,,,,,,,,,,,,,,,,,,,,,,,,,,,,,,,,,,,,,,,,,,,,,,,,,,,,,,,,,,,,,,,,,,,,,,,,,,,,,,,,,,,,,,,,,,,,,,,,,,,,,,,,,,,,,,,
"Joe Bonamassa at Beacon Theatre (November 15, 2019)",headline,http://www.songkick.com/artists/414198-joe-bonamassa?utm_source=59227&utm_medium=partner,Joe Bonamassa,40.77604,-73.98204,Sloe Gin,"65,035",Beacon Theatre,,,,,,,,,,,,,,,,,,,,,,,,,,,,,,,,,,,,,,,,,,,,,,,,,,,,,,,,,,,,,,,,,,,,,,,,,,,,,,,,,,,,,,,,,,,,,,,,,,,,,,,,,,,,,,,,,,,,,,,,,,,,,,,,,,,,,,,,,,,,,,,,,,,,,,,,,,,,,,,,,,,,,,,,,,,,,,,,,,,,,,,,,,,,,,,,,,,,,,,,,,,,,,,,,,,,,,,,,,
"Billy Joel at Madison Square Garden (November 15, 2019)",headline,http://www.songkick.com/artists/296988-billy-joel?utm_source=59227&utm_medium=partner,Billy Joel,40.74971,-73.99156,Piano Man,"645,971",Madison Square Garden,,,,,,,,,,,,,,,,,,,,,,,,,,,,,,,,,,,,,,,,,,,,,,,,,,,,,,,,,,,,,,,,,,,,,,,,,,,,,,,,,,,,,,,,,,,,,,,,,,,,,,,,,,,,,,,,,,,,,,,,,,,,,,,,,,,,,,,,,,,,,,,,,,,,,,,,,,,,,,,,,,,,,,,,,,,,,,,,,,,,,,,,,,,,,,,,,,,,,,,,,,,,,,,,,,,,,,,,,,
"Ron with Leeds at Digitally Imported Radio - Epic Trance Channel (November 15, 2019)",headline,http://www.songkick.com/artists/9992314-ron-with-leeds?utm_source=59227&utm_medium=partner,Ron with Leeds,40.74971,-73.99156,Altitude (Purple Stories Remix),374,Digitally Imported Radio - Epic Trance Channel,,,,,,,,,,,,,,,,,,,,,,,,,,,,,,,,,,,,,,,,,,,,,,,,,,,,,,,,,,,,,,,,,,,,,,,,,,,,,,,,,,,,,,,,,,,,,,,,,,,,,,,,,,,,,,,,,,,,,,,,,,,,,,,,,,,,,,,,,,,,,,,,,,,,,,,,,,,,,,,,,,,,,,,,,,,,,,,,,,,,,,,,,,,,,,,,,,,,,,,,,,,,,,,,,,,,,,,,,,
"Blue October with Longwave at Webster Hall (November 15, 2019)",headline,http://www.songkick.com/artists/500273-blue-october?utm_source=59227&utm_medium=partner,Blue October,40.73177,-73.98911,Hate Me,"194,447",Webster Hall,,,,,,,,,,,,,,,,,,,,,,,,,,,,,,,,,,,,,,,,,,,,,,,,,,,,,,,,,,,,,,,,,,,,,,,,,,,,,,,,,,,,,,,,,,,,,,,,,,,,,,,,,,,,,,,,,,,,,,,,,,,,,,,,,,,,,,,,,,,,,,,,,,,,,,,,,,,,,,,,,,,,,,,,,,,,,,,,,,,,,,,,,,,,,,,,,,,,,,,,,,,,,,,,,,,,,,,,,,
"Blue October with Longwave at Webster Hall (November 15, 2019)",support,http://www.songkick.com/artists/142709-longwave?utm_source=59227&utm_medium=partner,Longwave,40.73177,-73.98911,Tidal Wave,"23,543",Webster Hall,,,,,,,,,,,,,,,,,,,,,,,,,,,,,,,,,,,,,,,,,,,,,,,,,,,,,,,,,,,,,,,,,,,,,,,,,,,,,,,,,,,,,,,,,,,,,,,,,,,,,,,,,,,,,,,,,,,,,,,,,,,,,,,,,,,,,,,,,,,,,,,,,,,,,,,,,,,,,,,,,,,,,,,,,,,,,,,,,,,,,,,,,,,,,,,,,,,,,,,,,,,,,,,,,,,,,,,,,,
"Last Dinosaurs and Born Ruffians at Music Hall of Williamsburg (November 15, 2019)",headline,http://www.songkick.com/artists/1815039-last-dinosaurs?utm_source=59227&utm_medium=partner,Last Dinosaurs,40.71928,-73.96171,Zoom,"53,878",Music Hall of Williamsburg,,,,,,,,,,,,,,,,,,,,,,,,,,,,,,,,,,,,,,,,,,,,,,,,,,,,,,,,,,,,,,,,,,,,,,,,,,,,,,,,,,,,,,,,,,,,,,,,,,,,,,,,,,,,,,,,,,,,,,,,,,,,,,,,,,,,,,,,,,,,,,,,,,,,,,,,,,,,,,,,,,,,,,,,,,,,,,,,,,,,,,,,,,,,,,,,,,,,,,,,,,,,,,,,,,,,,,,,,,
"Last Dinosaurs and Born Ruffians at Music Hall of Williamsburg (November 15, 2019)",headline,http://www.songkick.com/artists/22233-born-ruffians?utm_source=59227&utm_medium=partner,Born Ruffians,40.71928,-73.96171,Hummingbird,"132,596",Music Hall of Williamsburg,,,,,,,,,,,,,,,,,,,,,,,,,,,,,,,,,,,,,,,,,,,,,,,,,,,,,,,,,,,,,,,,,,,,,,,,,,,,,,,,,,,,,,,,,,,,,,,,,,,,,,,,,,,,,,,,,,,,,,,,,,,,,,,,,,,,,,,,,,,,,,,,,,,,,,,,,,,,,,,,,,,,,,,,,,,,,,,,,,,,,,,,,,,,,,,,,,,,,,,,,,,,,,,,,,,,,,,,,,
"Hilltop Hoods and Adrian Eagle at Brooklyn Bowl (November 15, 2019)",headline,http://www.songkick.com/artists/501001-hilltop-hoods?utm_source=59227&utm_medium=partner,Hilltop Hoods,40.72188,-73.95739,The Nosebleed Section,"83,483",Brooklyn Bowl,,,,,,,,,,,,,,,,,,,,,,,,,,,,,,,,,,,,,,,,,,,,,,,,,,,,,,,,,,,,,,,,,,,,,,,,,,,,,,,,,,,,,,,,,,,,,,,,,,,,,,,,,,,,,,,,,,,,,,,,,,,,,,,,,,,,,,,,,,,,,,,,,,,,,,,,,,,,,,,,,,,,,,,,,,,,,,,,,,,,,,,,,,,,,,,,,,,,,,,,,,,,,,,,,,,,,,,,,,
"Hilltop Hoods and Adrian Eagle at Brooklyn Bowl (November 15, 2019)",headline,http://www.songkick.com/artists/9343859-adrian-eagle?utm_source=59227&utm_medium=partner,Adrian Eagle,40.72188,-73.95739,A.O.K,"1,434",Brooklyn Bowl,,,,,,,,,,,,,,,,,,,,,,,,,,,,,,,,,,,,,,,,,,,,,,,,,,,,,,,,,,,,,,,,,,,,,,,,,,,,,,,,,,,,,,,,,,,,,,,,,,,,,,,,,,,,,,,,,,,,,,,,,,,,,,,,,,,,,,,,,,,,,,,,,,,,,,,,,,,,,,,,,,,,,,,,,,,,,,,,,,,,,,,,,,,,,,,,,,,,,,,,,,,,,,,,,,,,,,,,,,
"Tom Rush at Rubin Museum Of Art (November 15, 2019)",headline,http://www.songkick.com/artists/544338-tom-rush?utm_source=59227&utm_medium=partner,Tom Rush,40.74002,-73.9978,No Regrets,"17,388",Rubin Museum Of Art,,,,,,,,,,,,,,,,,,,,,,,,,,,,,,,,,,,,,,,,,,,,,,,,,,,,,,,,,,,,,,,,,,,,,,,,,,,,,,,,,,,,,,,,,,,,,,,,,,,,,,,,,,,,,,,,,,,,,,,,,,,,,,,,,,,,,,,,,,,,,,,,,,,,,,,,,,,,,,,,,,,,,,,,,,,,,,,,,,,,,,,,,,,,,,,,,,,,,,,,,,,,,,,,,,,,,,,,,,
"Kikagaku Moyo with Minami Deutsch at Warsaw (November 15, 2019)",headline,http://www.songkick.com/artists/6750884-kikagaku-moyo?utm_source=59227&utm_medium=partner,Kikagaku Moyo,40.72254,-73.9484,Smoke and Mirrors,"26,470",Warsaw,,,,,,,,,,,,,,,,,,,,,,,,,,,,,,,,,,,,,,,,,,,,,,,,,,,,,,,,,,,,,,,,,,,,,,,,,,,,,,,,,,,,,,,,,,,,,,,,,,,,,,,,,,,,,,,,,,,,,,,,,,,,,,,,,,,,,,,,,,,,,,,,,,,,,,,,,,,,,,,,,,,,,,,,,,,,,,,,,,,,,,,,,,,,,,,,,,,,,,,,,,,,,,,,,,,,,,,,,,
"Kikagaku Moyo with Minami Deutsch at Warsaw (November 15, 2019)",support,http://www.songkick.com/artists/8304893-minami-deutsch?utm_source=59227&utm_medium=partner,Minami Deutsch,40.72254,-73.9484,New Pastoral Life,"4,531",Warsaw,,,,,,,,,,,,,,,,,,,,,,,,,,,,,,,,,,,,,,,,,,,,,,,,,,,,,,,,,,,,,,,,,,,,,,,,,,,,,,,,,,,,,,,,,,,,,,,,,,,,,,,,,,,,,,,,,,,,,,,,,,,,,,,,,,,,,,,,,,,,,,,,,,,,,,,,,,,,,,,,,,,,,,,,,,,,,,,,,,,,,,,,,,,,,,,,,,,,,,,,,,,,,,,,,,,,,,,,,,
"mxmtoon with Chloe Lilac at Gramercy Theatre (November 15, 2019)",headline,http://www.songkick.com/artists/9541014-mxmtoon?utm_source=59227&utm_medium=partner,mxmtoon,40.73977,-73.98493,feelings are fatal,"24,583",Gramercy Theatre,,,,,,,,,,,,,,,,,,,,,,,,,,,,,,,,,,,,,,,,,,,,,,,,,,,,,,,,,,,,,,,,,,,,,,,,,,,,,,,,,,,,,,,,,,,,,,,,,,,,,,,,,,,,,,,,,,,,,,,,,,,,,,,,,,,,,,,,,,,,,,,,,,,,,,,,,,,,,,,,,,,,,,,,,,,,,,,,,,,,,,,,,,,,,,,,,,,,,,,,,,,,,,,,,,,,,,,,,,
"mxmtoon with Chloe Lilac at Gramercy Theatre (November 15, 2019)",support,http://www.songkick.com/artists/9103564-chloe-lilac?utm_source=59227&utm_medium=partner,Chloe Lilac,40.73977,-73.98493,Summer,"12,927",Gramercy Theatre,,,,,,,,,,,,,,,,,,,,,,,,,,,,,,,,,,,,,,,,,,,,,,,,,,,,,,,,,,,,,,,,,,,,,,,,,,,,,,,,,,,,,,,,,,,,,,,,,,,,,,,,,,,,,,,,,,,,,,,,,,,,,,,,,,,,,,,,,,,,,,,,,,,,,,,,,,,,,,,,,,,,,,,,,,,,,,,,,,,,,,,,,,,,,,,,,,,,,,,,,,,,,,,,,,,,,,,,,,
"David Grisman at Iridium (November 15, 2019)",headline,http://www.songkick.com/artists/141530-david-grisman?utm_source=59227&utm_medium=partner,David Grisman,40.76186,-73.98333,Minor Swing,"7,896",Iridium,,,,,,,,,,,,,,,,,,,,,,,,,,,,,,,,,,,,,,,,,,,,,,,,,,,,,,,,,,,,,,,,,,,,,,,,,,,,,,,,,,,,,,,,,,,,,,,,,,,,,,,,,,,,,,,,,,,,,,,,,,,,,,,,,,,,,,,,,,,,,,,,,,,,,,,,,,,,,,,,,,,,,,,,,,,,,,,,,,,,,,,,,,,,,,,,,,,,,,,,,,,,,,,,,,,,,,,,,,
"Chucho Valdes and Chick Corea at Rose Theater, Jazz at Lincoln Center (November 15, 2019)",headline,http://www.songkick.com/artists/406653-chucho-valdes?utm_source=59227&utm_medium=partner,Chucho Valdes,40.7689,-73.982,La Comparsa,"8,688","Rose Theater, Jazz at Lincoln Center",,,,,,,,,,,,,,,,,,,,,,,,,,,,,,,,,,,,,,,,,,,,,,,,,,,,,,,,,,,,,,,,,,,,,,,,,,,,,,,,,,,,,,,,,,,,,,,,,,,,,,,,,,,,,,,,,,,,,,,,,,,,,,,,,,,,,,,,,,,,,,,,,,,,,,,,,,,,,,,,,,,,,,,,,,,,,,,,,,,,,,,,,,,,,,,,,,,,,,,,,,,,,,,,,,,,,,,,,,
"Chucho Valdes and Chick Corea at Rose Theater, Jazz at Lincoln Center (November 15, 2019)",headline,http://www.songkick.com/artists/206143-chick-corea?utm_source=59227&utm_medium=partner,Chick Corea,40.7689,-73.982,Spain,"68,275","Rose Theater, Jazz at Lincoln Center",,,,,,,,,,,,,,,,,,,,,,,,,,,,,,,,,,,,,,,,,,,,,,,,,,,,,,,,,,,,,,,,,,,,,,,,,,,,,,,,,,,,,,,,,,,,,,,,,,,,,,,,,,,,,,,,,,,,,,,,,,,,,,,,,,,,,,,,,,,,,,,,,,,,,,,,,,,,,,,,,,,,,,,,,,,,,,,,,,,,,,,,,,,,,,,,,,,,,,,,,,,,,,,,,,,,,,,,,,
"The Coronas with Kris Gruen at Mercury Lounge (November 15, 2019)",headline,http://www.songkick.com/artists/11215-coronas?utm_source=59227&utm_medium=partner,The Coronas,40.72216,-73.98671,Heroes or Ghosts,"6,892",Mercury Lounge,,,,,,,,,,,,,,,,,,,,,,,,,,,,,,,,,,,,,,,,,,,,,,,,,,,,,,,,,,,,,,,,,,,,,,,,,,,,,,,,,,,,,,,,,,,,,,,,,,,,,,,,,,,,,,,,,,,,,,,,,,,,,,,,,,,,,,,,,,,,,,,,,,,,,,,,,,,,,,,,,,,,,,,,,,,,,,,,,,,,,,,,,,,,,,,,,,,,,,,,,,,,,,,,,,,,,,,,,,
"The Coronas with Kris Gruen at Mercury Lounge (November 15, 2019)",support,http://www.songkick.com/artists/1296364-kris-gruen?utm_source=59227&utm_medium=partner,Kris Gruen,40.72216,-73.98671,Half Way Down,511,Mercury Lounge,,,,,,,,,,,,,,,,,,,,,,,,,,,,,,,,,,,,,,,,,,,,,,,,,,,,,,,,,,,,,,,,,,,,,,,,,,,,,,,,,,,,,,,,,,,,,,,,,,,,,,,,,,,,,,,,,,,,,,,,,,,,,,,,,,,,,,,,,,,,,,,,,,,,,,,,,,,,,,,,,,,,,,,,,,,,,,,,,,,,,,,,,,,,,,,,,,,,,,,,,,,,,,,,,,,,,,,,,,
"Freestyle Love Supreme at Booth Theatre (November 15, 2019)",headline,http://www.songkick.com/artists/987708-freestyle-love-supreme?utm_source=59227&utm_medium=partner,Freestyle Love Supreme,40.76026,-73.99329,Hardly Working  Rap Battle,8,Booth Theatre,,,,,,,,,,,,,,,,,,,,,,,,,,,,,,,,,,,,,,,,,,,,,,,,,,,,,,,,,,,,,,,,,,,,,,,,,,,,,,,,,,,,,,,,,,,,,,,,,,,,,,,,,,,,,,,,,,,,,,,,,,,,,,,,,,,,,,,,,,,,,,,,,,,,,,,,,,,,,,,,,,,,,,,,,,,,,,,,,,,,,,,,,,,,,,,,,,,,,,,,,,,,,,,,,,,,,,,,,,
"Kem at NYCB Theatre at Westbury (November 15, 2019)",headline,http://www.songkick.com/artists/151653-kem?utm_source=59227&utm_medium=partner,Kem,40.7743,-73.5593,I Can't Stop Loving You,"39,207",NYCB Theatre at Westbury,,,,,,,,,,,,,,,,,,,,,,,,,,,,,,,,,,,,,,,,,,,,,,,,,,,,,,,,,,,,,,,,,,,,,,,,,,,,,,,,,,,,,,,,,,,,,,,,,,,,,,,,,,,,,,,,,,,,,,,,,,,,,,,,,,,,,,,,,,,,,,,,,,,,,,,,,,,,,,,,,,,,,,,,,,,,,,,,,,,,,,,,,,,,,,,,,,,,,,,,,,,,,,,,,,,,,,,,,,
"Scoville Unit with Earnhardt and BLUEOX at Berlin (November 15, 2019)",headline,http://www.songkick.com/artists/1485111-scoville-unit?utm_source=59227&utm_medium=partner,Scoville Unit,40.72301,-73.98606,Pieces,144,Berlin,,,,,,,,,,,,,,,,,,,,,,,,,,,,,,,,,,,,,,,,,,,,,,,,,,,,,,,,,,,,,,,,,,,,,,,,,,,,,,,,,,,,,,,,,,,,,,,,,,,,,,,,,,,,,,,,,,,,,,,,,,,,,,,,,,,,,,,,,,,,,,,,,,,,,,,,,,,,,,,,,,,,,,,,,,,,,,,,,,,,,,,,,,,,,,,,,,,,,,,,,,,,,,,,,,,,,,,,,,
"Scoville Unit with Earnhardt and BLUEOX at Berlin (November 15, 2019)",support,http://www.songkick.com/artists/8463713-earnhardt?utm_source=59227&utm_medium=partner,Earnhardt,40.72301,-73.98606,Drywall,6,Berlin,,,,,,,,,,,,,,,,,,,,,,,,,,,,,,,,,,,,,,,,,,,,,,,,,,,,,,,,,,,,,,,,,,,,,,,,,,,,,,,,,,,,,,,,,,,,,,,,,,,,,,,,,,,,,,,,,,,,,,,,,,,,,,,,,,,,,,,,,,,,,,,,,,,,,,,,,,,,,,,,,,,,,,,,,,,,,,,,,,,,,,,,,,,,,,,,,,,,,,,,,,,,,,,,,,,,,,,,,,
"Scoville Unit with Earnhardt and BLUEOX at Berlin (November 15, 2019)",support,http://www.songkick.com/artists/10059845-blueox?utm_source=59227&utm_medium=partner,BLUEOX,40.72301,-73.98606,Walk Tall,1,Berlin,,,,,,,,,,,,,,,,,,,,,,,,,,,,,,,,,,,,,,,,,,,,,,,,,,,,,,,,,,,,,,,,,,,,,,,,,,,,,,,,,,,,,,,,,,,,,,,,,,,,,,,,,,,,,,,,,,,,,,,,,,,,,,,,,,,,,,,,,,,,,,,,,,,,,,,,,,,,,,,,,,,,,,,,,,,,,,,,,,,,,,,,,,,,,,,,,,,,,,,,,,,,,,,,,,,,,,,,,,
"Audrey Assad at All Angels Episcopal Church (November 15, 2019)",headline,http://www.songkick.com/artists/3685706-audrey-assad?utm_source=59227&utm_medium=partner,Audrey Assad,40.78496,-73.97998,Good To Me,"13,326",All Angels Episcopal Church,,,,,,,,,,,,,,,,,,,,,,,,,,,,,,,,,,,,,,,,,,,,,,,,,,,,,,,,,,,,,,,,,,,,,,,,,,,,,,,,,,,,,,,,,,,,,,,,,,,,,,,,,,,,,,,,,,,,,,,,,,,,,,,,,,,,,,,,,,,,,,,,,,,,,,,,,,,,,,,,,,,,,,,,,,,,,,,,,,,,,,,,,,,,,,,,,,,,,,,,,,,,,,,,,,,,,,,,,,
"Mandolin Orange with Sunny War at Brooklyn Steel (November 15, 2019)",headline,http://www.songkick.com/artists/2589866-mandolin-orange?utm_source=59227&utm_medium=partner,Mandolin Orange,40.71936,-73.93878,Wildfire,"36,233",Brooklyn Steel,,,,,,,,,,,,,,,,,,,,,,,,,,,,,,,,,,,,,,,,,,,,,,,,,,,,,,,,,,,,,,,,,,,,,,,,,,,,,,,,,,,,,,,,,,,,,,,,,,,,,,,,,,,,,,,,,,,,,,,,,,,,,,,,,,,,,,,,,,,,,,,,,,,,,,,,,,,,,,,,,,,,,,,,,,,,,,,,,,,,,,,,,,,,,,,,,,,,,,,,,,,,,,,,,,,,,,,,,,
"Mandolin Orange with Sunny War at Brooklyn Steel (November 15, 2019)",support,http://www.songkick.com/artists/2506681-sunny-war?utm_source=59227&utm_medium=partner,Sunny War,40.71936,-73.93878,If It Wasn’t Broken,363,Brooklyn Steel,,,,,,,,,,,,,,,,,,,,,,,,,,,,,,,,,,,,,,,,,,,,,,,,,,,,,,,,,,,,,,,,,,,,,,,,,,,,,,,,,,,,,,,,,,,,,,,,,,,,,,,,,,,,,,,,,,,,,,,,,,,,,,,,,,,,,,,,,,,,,,,,,,,,,,,,,,,,,,,,,,,,,,,,,,,,,,,,,,,,,,,,,,,,,,,,,,,,,,,,,,,,,,,,,,,,,,,,,,
"Billy Strings at Brooklyn Bowl (November 15, 2019)",headline,http://www.songkick.com/artists/6565553-billy-strings?utm_source=59227&utm_medium=partner,Billy Strings,40.72188,-73.95739,Meet Me at the Creek,"1,979",Brooklyn Bowl,,,,,,,,,,,,,,,,,,,,,,,,,,,,,,,,,,,,,,,,,,,,,,,,,,,,,,,,,,,,,,,,,,,,,,,,,,,,,,,,,,,,,,,,,,,,,,,,,,,,,,,,,,,,,,,,,,,,,,,,,,,,,,,,,,,,,,,,,,,,,,,,,,,,,,,,,,,,,,,,,,,,,,,,,,,,,,,,,,,,,,,,,,,,,,,,,,,,,,,,,,,,,,,,,,,,,,,,,,
"Mortician with Funerus, Sacrificial Blood, and SICK BAY at Saint Vitus (November 15, 2019)",headline,http://www.songkick.com/artists/100509-mortician?utm_source=59227&utm_medium=partner,Mortician,40.73677,-73.955,Chainsaw Dismemberment,"10,693",Saint Vitus,,,,,,,,,,,,,,,,,,,,,,,,,,,,,,,,,,,,,,,,,,,,,,,,,,,,,,,,,,,,,,,,,,,,,,,,,,,,,,,,,,,,,,,,,,,,,,,,,,,,,,,,,,,,,,,,,,,,,,,,,,,,,,,,,,,,,,,,,,,,,,,,,,,,,,,,,,,,,,,,,,,,,,,,,,,,,,,,,,,,,,,,,,,,,,,,,,,,,,,,,,,,,,,,,,,,,,,,,,
"Mortician with Funerus, Sacrificial Blood, and SICK BAY at Saint Vitus (November 15, 2019)",support,http://www.songkick.com/artists/487611-funerus?utm_source=59227&utm_medium=partner,Funerus,40.73677,-73.955,Suffering Life,"1,501",Saint Vitus,,,,,,,,,,,,,,,,,,,,,,,,,,,,,,,,,,,,,,,,,,,,,,,,,,,,,,,,,,,,,,,,,,,,,,,,,,,,,,,,,,,,,,,,,,,,,,,,,,,,,,,,,,,,,,,,,,,,,,,,,,,,,,,,,,,,,,,,,,,,,,,,,,,,,,,,,,,,,,,,,,,,,,,,,,,,,,,,,,,,,,,,,,,,,,,,,,,,,,,,,,,,,,,,,,,,,,,,,,
"Mortician with Funerus, Sacrificial Blood, and SICK BAY at Saint Vitus (November 15, 2019)",support,http://www.songkick.com/artists/631075-sacrificial-blood?utm_source=59227&utm_medium=partner,Sacrificial Blood,40.73677,-73.955,Reign Of Hate,136,Saint Vitus,,,,,,,,,,,,,,,,,,,,,,,,,,,,,,,,,,,,,,,,,,,,,,,,,,,,,,,,,,,,,,,,,,,,,,,,,,,,,,,,,,,,,,,,,,,,,,,,,,,,,,,,,,,,,,,,,,,,,,,,,,,,,,,,,,,,,,,,,,,,,,,,,,,,,,,,,,,,,,,,,,,,,,,,,,,,,,,,,,,,,,,,,,,,,,,,,,,,,,,,,,,,,,,,,,,,,,,,,,
"Mortician with Funerus, Sacrificial Blood, and SICK BAY at Saint Vitus (November 15, 2019)",support,http://www.songkick.com/artists/1330210-sick-bay?utm_source=59227&utm_medium=partner,SICK BAY,40.73677,-73.955,Jabroni,9,Saint Vitus,,,,,,,,,,,,,,,,,,,,,,,,,,,,,,,,,,,,,,,,,,,,,,,,,,,,,,,,,,,,,,,,,,,,,,,,,,,,,,,,,,,,,,,,,,,,,,,,,,,,,,,,,,,,,,,,,,,,,,,,,,,,,,,,,,,,,,,,,,,,,,,,,,,,,,,,,,,,,,,,,,,,,,,,,,,,,,,,,,,,,,,,,,,,,,,,,,,,,,,,,,,,,,,,,,,,,,,,,,
"Pedrito Martinez with Jhair Sala, Isaac Delgado En Vivo, Sebastian Natal, and 1 more… at 92nd Street Y (November 15, 2019)",headline,http://www.songkick.com/artists/633612-pedrito-martinez?utm_source=59227&utm_medium=partner,Pedrito Martinez,40.78275,-73.95291,The Peanut Vendor,541,92nd Street Y,,,,,,,,,,,,,,,,,,,,,,,,,,,,,,,,,,,,,,,,,,,,,,,,,,,,,,,,,,,,,,,,,,,,,,,,,,,,,,,,,,,,,,,,,,,,,,,,,,,,,,,,,,,,,,,,,,,,,,,,,,,,,,,,,,,,,,,,,,,,,,,,,,,,,,,,,,,,,,,,,,,,,,,,,,,,,,,,,,,,,,,,,,,,,,,,,,,,,,,,,,,,,,,,,,,,,,,,,,
"Pedrito Martinez with Jhair Sala, Isaac Delgado En Vivo, Sebastian Natal, and 1 more… at 92nd Street Y (November 15, 2019)",support,http://www.songkick.com/artists/9292829-jhair-sala?utm_source=59227&utm_medium=partner,Jhair Sala,40.78275,-73.95291,Unlisted,unlisted,92nd Street Y,,,,,,,,,,,,,,,,,,,,,,,,,,,,,,,,,,,,,,,,,,,,,,,,,,,,,,,,,,,,,,,,,,,,,,,,,,,,,,,,,,,,,,,,,,,,,,,,,,,,,,,,,,,,,,,,,,,,,,,,,,,,,,,,,,,,,,,,,,,,,,,,,,,,,,,,,,,,,,,,,,,,,,,,,,,,,,,,,,,,,,,,,,,,,,,,,,,,,,,,,,,,,,,,,,,,,,,,,,
"Pedrito Martinez with Jhair Sala, Isaac Delgado En Vivo, Sebastian Natal, and 1 more… at 92nd Street Y (November 15, 2019)",support,http://www.songkick.com/artists/4175166-isaac-delgado-en-vivo?utm_source=59227&utm_medium=partner,Isaac Delgado En Vivo,40.78275,-73.95291,dos mujeres,1,92nd Street Y,,,,,,,,,,,,,,,,,,,,,,,,,,,,,,,,,,,,,,,,,,,,,,,,,,,,,,,,,,,,,,,,,,,,,,,,,,,,,,,,,,,,,,,,,,,,,,,,,,,,,,,,,,,,,,,,,,,,,,,,,,,,,,,,,,,,,,,,,,,,,,,,,,,,,,,,,,,,,,,,,,,,,,,,,,,,,,,,,,,,,,,,,,,,,,,,,,,,,,,,,,,,,,,,,,,,,,,,,,
"Pedrito Martinez with Jhair Sala, Isaac Delgado En Vivo, Sebastian Natal, and 1 more… at 92nd Street Y (November 15, 2019)",support,http://www.songkick.com/artists/9292814-sebastian-natal?utm_source=59227&utm_medium=partner,Sebastian Natal,40.78275,-73.95291,Unlisted,unlisted,92nd Street Y,,,,,,,,,,,,,,,,,,,,,,,,,,,,,,,,,,,,,,,,,,,,,,,,,,,,,,,,,,,,,,,,,,,,,,,,,,,,,,,,,,,,,,,,,,,,,,,,,,,,,,,,,,,,,,,,,,,,,,,,,,,,,,,,,,,,,,,,,,,,,,,,,,,,,,,,,,,,,,,,,,,,,,,,,,,,,,,,,,,,,,,,,,,,,,,,,,,,,,,,,,,,,,,,,,,,,,,,,,
"Pedrito Martinez with Jhair Sala, Isaac Delgado En Vivo, Sebastian Natal, and 1 more… at 92nd Street Y (November 15, 2019)",support,http://www.songkick.com/artists/10072076-xito-lovell?utm_source=59227&utm_medium=partner,Xito Lovell,40.78275,-73.95291,Unlisted,unlisted,92nd Street Y,,,,,,,,,,,,,,,,,,,,,,,,,,,,,,,,,,,,,,,,,,,,,,,,,,,,,,,,,,,,,,,,,,,,,,,,,,,,,,,,,,,,,,,,,,,,,,,,,,,,,,,,,,,,,,,,,,,,,,,,,,,,,,,,,,,,,,,,,,,,,,,,,,,,,,,,,,,,,,,,,,,,,,,,,,,,,,,,,,,,,,,,,,,,,,,,,,,,,,,,,,,,,,,,,,,,,,,,,,
"Loud Luxury with Black Caviar at Great Hall, Avant Gardner (November 15, 2019)",headline,http://www.songkick.com/artists/5862829-loud-luxury?utm_source=59227&utm_medium=partner,Loud Luxury,40.71068,-73.92635,Body,"116,176","Great Hall, Avant Gardner",,,,,,,,,,,,,,,,,,,,,,,,,,,,,,,,,,,,,,,,,,,,,,,,,,,,,,,,,,,,,,,,,,,,,,,,,,,,,,,,,,,,,,,,,,,,,,,,,,,,,,,,,,,,,,,,,,,,,,,,,,,,,,,,,,,,,,,,,,,,,,,,,,,,,,,,,,,,,,,,,,,,,,,,,,,,,,,,,,,,,,,,,,,,,,,,,,,,,,,,,,,,,,,,,,,,,,,,,,
"Loud Luxury with Black Caviar at Great Hall, Avant Gardner (November 15, 2019)",support,http://www.songkick.com/artists/7257274-black-caviar?utm_source=59227&utm_medium=partner,Black Caviar,40.71068,-73.92635,Lady (Hear Me Tonight),"16,594","Great Hall, Avant Gardner",,,,,,,,,,,,,,,,,,,,,,,,,,,,,,,,,,,,,,,,,,,,,,,,,,,,,,,,,,,,,,,,,,,,,,,,,,,,,,,,,,,,,,,,,,,,,,,,,,,,,,,,,,,,,,,,,,,,,,,,,,,,,,,,,,,,,,,,,,,,,,,,,,,,,,,,,,,,,,,,,,,,,,,,,,,,,,,,,,,,,,,,,,,,,,,,,,,,,,,,,,,,,,,,,,,,,,,,,,
"Kate Davis with Miss Grit and Emily Jackson at Zone One, Elsewhere (November 15, 2019)",headline,http://www.songkick.com/artists/2031201-kate-davis?utm_source=59227&utm_medium=partner,Kate Davis,40.70948,-73.92319,rbbts,"3,057","Zone One, Elsewhere",,,,,,,,,,,,,,,,,,,,,,,,,,,,,,,,,,,,,,,,,,,,,,,,,,,,,,,,,,,,,,,,,,,,,,,,,,,,,,,,,,,,,,,,,,,,,,,,,,,,,,,,,,,,,,,,,,,,,,,,,,,,,,,,,,,,,,,,,,,,,,,,,,,,,,,,,,,,,,,,,,,,,,,,,,,,,,,,,,,,,,,,,,,,,,,,,,,,,,,,,,,,,,,,,,,,,,,,,,
"Kate Davis with Miss Grit and Emily Jackson at Zone One, Elsewhere (November 15, 2019)",support,http://www.songkick.com/artists/9753019-miss-grit?utm_source=59227&utm_medium=partner,Miss Grit,40.70948,-73.92319,Talk Talk,"2,575","Zone One, Elsewhere",,,,,,,,,,,,,,,,,,,,,,,,,,,,,,,,,,,,,,,,,,,,,,,,,,,,,,,,,,,,,,,,,,,,,,,,,,,,,,,,,,,,,,,,,,,,,,,,,,,,,,,,,,,,,,,,,,,,,,,,,,,,,,,,,,,,,,,,,,,,,,,,,,,,,,,,,,,,,,,,,,,,,,,,,,,,,,,,,,,,,,,,,,,,,,,,,,,,,,,,,,,,,,,,,,,,,,,,,,
"Kate Davis with Miss Grit and Emily Jackson at Zone One, Elsewhere (November 15, 2019)",support,http://www.songkick.com/artists/5391113-emily-jackson?utm_source=59227&utm_medium=partner,Emily Jackson,40.70948,-73.92319,Higher,10,"Zone One, Elsewhere",,,,,,,,,,,,,,,,,,,,,,,,,,,,,,,,,,,,,,,,,,,,,,,,,,,,,,,,,,,,,,,,,,,,,,,,,,,,,,,,,,,,,,,,,,,,,,,,,,,,,,,,,,,,,,,,,,,,,,,,,,,,,,,,,,,,,,,,,,,,,,,,,,,,,,,,,,,,,,,,,,,,,,,,,,,,,,,,,,,,,,,,,,,,,,,,,,,,,,,,,,,,,,,,,,,,,,,,,,
"Sammy Rae with Melt The Band (NYC) at (le) Poisson Rouge (November 15, 2019)",headline,http://www.songkick.com/artists/3482761-sammy-rae?utm_source=59227&utm_medium=partner,Sammy Rae,40.72848,-74.00005,The Feeling,"1,508",(le) Poisson Rouge,,,,,,,,,,,,,,,,,,,,,,,,,,,,,,,,,,,,,,,,,,,,,,,,,,,,,,,,,,,,,,,,,,,,,,,,,,,,,,,,,,,,,,,,,,,,,,,,,,,,,,,,,,,,,,,,,,,,,,,,,,,,,,,,,,,,,,,,,,,,,,,,,,,,,,,,,,,,,,,,,,,,,,,,,,,,,,,,,,,,,,,,,,,,,,,,,,,,,,,,,,,,,,,,,,,,,,,,,,
"Sammy Rae with Melt The Band (NYC) at (le) Poisson Rouge (November 15, 2019)",support,http://www.songkick.com/artists/9233199-melt-the-band-nyc?utm_source=59227&utm_medium=partner,Melt The Band (NYC),40.72848,-74.00005,Unlisted,unlisted,(le) Poisson Rouge,,,,,,,,,,,,,,,,,,,,,,,,,,,,,,,,,,,,,,,,,,,,,,,,,,,,,,,,,,,,,,,,,,,,,,,,,,,,,,,,,,,,,,,,,,,,,,,,,,,,,,,,,,,,,,,,,,,,,,,,,,,,,,,,,,,,,,,,,,,,,,,,,,,,,,,,,,,,,,,,,,,,,,,,,,,,,,,,,,,,,,,,,,,,,,,,,,,,,,,,,,,,,,,,,,,,,,,,,,
"O.A.R. at Paramount Theater (November 15, 2019)",headline,http://www.songkick.com/artists/168886-oar?utm_source=59227&utm_medium=partner,O.A.R.,40.62816,-74.07662,Love And Memories,"80,254",Paramount Theater,,,,,,,,,,,,,,,,,,,,,,,,,,,,,,,,,,,,,,,,,,,,,,,,,,,,,,,,,,,,,,,,,,,,,,,,,,,,,,,,,,,,,,,,,,,,,,,,,,,,,,,,,,,,,,,,,,,,,,,,,,,,,,,,,,,,,,,,,,,,,,,,,,,,,,,,,,,,,,,,,,,,,,,,,,,,,,,,,,,,,,,,,,,,,,,,,,,,,,,,,,,,,,,,,,,,,,,,,,
"TR/ST at Knockdown Center (November 15, 2019)",headline,http://www.songkick.com/artists/6137504-trst?utm_source=59227&utm_medium=partner,TR/ST,40.7154,-73.91468,Bicep,"22,692",Knockdown Center,,,,,,,,,,,,,,,,,,,,,,,,,,,,,,,,,,,,,,,,,,,,,,,,,,,,,,,,,,,,,,,,,,,,,,,,,,,,,,,,,,,,,,,,,,,,,,,,,,,,,,,,,,,,,,,,,,,,,,,,,,,,,,,,,,,,,,,,,,,,,,,,,,,,,,,,,,,,,,,,,,,,,,,,,,,,,,,,,,,,,,,,,,,,,,,,,,,,,,,,,,,,,,,,,,,,,,,,,,
"Matt Nakoa, Allison Leah, and Robin Mitch Mitchell at Rockwood Music Hall Stage 3 (November 15, 2019)",headline,http://www.songkick.com/artists/5611773-matt-nakoa?utm_source=59227&utm_medium=partner,Matt Nakoa,40.72207,-73.98847,Fool Of A Knight,21,Rockwood Music Hall Stage 3,,,,,,,,,,,,,,,,,,,,,,,,,,,,,,,,,,,,,,,,,,,,,,,,,,,,,,,,,,,,,,,,,,,,,,,,,,,,,,,,,,,,,,,,,,,,,,,,,,,,,,,,,,,,,,,,,,,,,,,,,,,,,,,,,,,,,,,,,,,,,,,,,,,,,,,,,,,,,,,,,,,,,,,,,,,,,,,,,,,,,,,,,,,,,,,,,,,,,,,,,,,,,,,,,,,,,,,,,,
"Matt Nakoa, Allison Leah, and Robin Mitch Mitchell at Rockwood Music Hall Stage 3 (November 15, 2019)",headline,http://www.songkick.com/artists/9965269-allison-leah?utm_source=59227&utm_medium=partner,Allison Leah,40.72207,-73.98847,Colorado,50,Rockwood Music Hall Stage 3,,,,,,,,,,,,,,,,,,,,,,,,,,,,,,,,,,,,,,,,,,,,,,,,,,,,,,,,,,,,,,,,,,,,,,,,,,,,,,,,,,,,,,,,,,,,,,,,,,,,,,,,,,,,,,,,,,,,,,,,,,,,,,,,,,,,,,,,,,,,,,,,,,,,,,,,,,,,,,,,,,,,,,,,,,,,,,,,,,,,,,,,,,,,,,,,,,,,,,,,,,,,,,,,,,,,,,,,,,
"Matt Nakoa, Allison Leah, and Robin Mitch Mitchell at Rockwood Music Hall Stage 3 (November 15, 2019)",headline,http://www.songkick.com/artists/8894284-robin-mitch-mitchell?utm_source=59227&utm_medium=partner,Robin Mitch Mitchell,40.72207,-73.98847,We've All Gotta Lotta Love To Give,2,Rockwood Music Hall Stage 3,,,,,,,,,,,,,,,,,,,,,,,,,,,,,,,,,,,,,,,,,,,,,,,,,,,,,,,,,,,,,,,,,,,,,,,,,,,,,,,,,,,,,,,,,,,,,,,,,,,,,,,,,,,,,,,,,,,,,,,,,,,,,,,,,,,,,,,,,,,,,,,,,,,,,,,,,,,,,,,,,,,,,,,,,,,,,,,,,,,,,,,,,,,,,,,,,,,,,,,,,,,,,,,,,,,,,,,,,,
"Alexander Geist and Your Mom's Agency at Unknown venue (November 15, 2019)",headline,http://www.songkick.com/artists/6107949-alexander-geist?utm_source=59227&utm_medium=partner,Alexander Geist,40.71278,-74.00594,Bad Language,228,Unknown venue,,,,,,,,,,,,,,,,,,,,,,,,,,,,,,,,,,,,,,,,,,,,,,,,,,,,,,,,,,,,,,,,,,,,,,,,,,,,,,,,,,,,,,,,,,,,,,,,,,,,,,,,,,,,,,,,,,,,,,,,,,,,,,,,,,,,,,,,,,,,,,,,,,,,,,,,,,,,,,,,,,,,,,,,,,,,,,,,,,,,,,,,,,,,,,,,,,,,,,,,,,,,,,,,,,,,,,,,,,
"Alexander Geist and Your Mom's Agency at Unknown venue (November 15, 2019)",headline,http://www.songkick.com/artists/6256924-your-moms-agency?utm_source=59227&utm_medium=partner,Your Mom's Agency,40.71278,-74.00594,YMA's April podcast by Anika,2,Rockwood Music Hall Stage 3,,,,,,,,,,,,,,,,,,,,,,,,,,,,,,,,,,,,,,,,,,,,,,,,,,,,,,,,,,,,,,,,,,,,,,,,,,,,,,,,,,,,,,,,,,,,,,,,,,,,,,,,,,,,,,,,,,,,,,,,,,,,,,,,,,,,,,,,,,,,,,,,,,,,,,,,,,,,,,,,,,,,,,,,,,,,,,,,,,,,,,,,,,,,,,,,,,,,,,,,,,,,,,,,,,,,,,,,,,
"Billy Lockett at Rockwood Music Hall Stage 2 (November 15, 2019)",headline,http://www.songkick.com/artists/4235151-billy-lockett?utm_source=59227&utm_medium=partner,Billy Lockett,40.72243,-73.98869,Empty House,"5,123",Rockwood Music Hall Stage 2,,,,,,,,,,,,,,,,,,,,,,,,,,,,,,,,,,,,,,,,,,,,,,,,,,,,,,,,,,,,,,,,,,,,,,,,,,,,,,,,,,,,,,,,,,,,,,,,,,,,,,,,,,,,,,,,,,,,,,,,,,,,,,,,,,,,,,,,,,,,,,,,,,,,,,,,,,,,,,,,,,,,,,,,,,,,,,,,,,,,,,,,,,,,,,,,,,,,,,,,,,,,,,,,,,,,,,,,,,
"Carl Palmer Band at The Space Theater (November 15, 2019)",headline,http://www.songkick.com/artists/244756-carl-palmer-band?utm_source=59227&utm_medium=partner,Carl Palmer Band,40.75814,-73.58748,Hoedown,17,The Space Theater,,,,,,,,,,,,,,,,,,,,,,,,,,,,,,,,,,,,,,,,,,,,,,,,,,,,,,,,,,,,,,,,,,,,,,,,,,,,,,,,,,,,,,,,,,,,,,,,,,,,,,,,,,,,,,,,,,,,,,,,,,,,,,,,,,,,,,,,,,,,,,,,,,,,,,,,,,,,,,,,,,,,,,,,,,,,,,,,,,,,,,,,,,,,,,,,,,,,,,,,,,,,,,,,,,,,,,,,,,
"Carl Palmer's Elp Legacy at The Space at Westbury (November 15, 2019)",headline,http://www.songkick.com/artists/6138609-carl-palmers-elp-legacy?utm_source=59227&utm_medium=partner,Carl Palmer's Elp Legacy,40.75815,-73.58748,Rondeau des Indes Galantes / Ride of the Valkyries - Live,39,The Space at Westbury,,,,,,,,,,,,,,,,,,,,,,,,,,,,,,,,,,,,,,,,,,,,,,,,,,,,,,,,,,,,,,,,,,,,,,,,,,,,,,,,,,,,,,,,,,,,,,,,,,,,,,,,,,,,,,,,,,,,,,,,,,,,,,,,,,,,,,,,,,,,,,,,,,,,,,,,,,,,,,,,,,,,,,,,,,,,,,,,,,,,,,,,,,,,,,,,,,,,,,,,,,,,,,,,,,,,,,,,,,
"The Birdland Big Band at Birdland Jazz Club (November 15, 2019)",headline,http://www.songkick.com/artists/3834006-birdland-big-band?utm_source=59227&utm_medium=partner,The Birdland Big Band,40.75897,-73.98962,September in the Rain - Live,14,Birdland Jazz Club,,,,,,,,,,,,,,,,,,,,,,,,,,,,,,,,,,,,,,,,,,,,,,,,,,,,,,,,,,,,,,,,,,,,,,,,,,,,,,,,,,,,,,,,,,,,,,,,,,,,,,,,,,,,,,,,,,,,,,,,,,,,,,,,,,,,,,,,,,,,,,,,,,,,,,,,,,,,,,,,,,,,,,,,,,,,,,,,,,,,,,,,,,,,,,,,,,,,,,,,,,,,,,,,,,,,,,,,,,
"Chris Pepe at Still Partners (November 15, 2019)",headline,http://www.songkick.com/artists/9676534-chris-pepe?utm_source=59227&utm_medium=partner,Chris Pepe,40.84909,-73.64234,Waste of Time,15,Still Partners,,,,,,,,,,,,,,,,,,,,,,,,,,,,,,,,,,,,,,,,,,,,,,,,,,,,,,,,,,,,,,,,,,,,,,,,,,,,,,,,,,,,,,,,,,,,,,,,,,,,,,,,,,,,,,,,,,,,,,,,,,,,,,,,,,,,,,,,,,,,,,,,,,,,,,,,,,,,,,,,,,,,,,,,,,,,,,,,,,,,,,,,,,,,,,,,,,,,,,,,,,,,,,,,,,,,,,,,,,
"Firehouse at The Cutting Room (November 15, 2019)",headline,http://www.songkick.com/artists/269513-firehouse?utm_source=59227&utm_medium=partner,Firehouse,40.74582,-73.98297,When I Look Into Your Eyes,"78,783",The Cutting Room,,,,,,,,,,,,,,,,,,,,,,,,,,,,,,,,,,,,,,,,,,,,,,,,,,,,,,,,,,,,,,,,,,,,,,,,,,,,,,,,,,,,,,,,,,,,,,,,,,,,,,,,,,,,,,,,,,,,,,,,,,,,,,,,,,,,,,,,,,,,,,,,,,,,,,,,,,,,,,,,,,,,,,,,,,,,,,,,,,,,,,,,,,,,,,,,,,,,,,,,,,,,,,,,,,,,,,,,,,
"Joyce DiDonato, Riccardo Muti, and Chicago Symphony Orchestra at Carnegie Hall, Stern Auditorium / Perelman Stage (November 15, 2019)",headline,http://www.songkick.com/artists/2233987-joyce-didonato?utm_source=59227&utm_medium=partner,Joyce DiDonato,40.76553,-73.98005,"Aria ""Ma che vuoi più da me""",451,"Carnegie Hall, Stern Auditorium / Perelman Stage",,,,,,,,,,,,,,,,,,,,,,,,,,,,,,,,,,,,,,,,,,,,,,,,,,,,,,,,,,,,,,,,,,,,,,,,,,,,,,,,,,,,,,,,,,,,,,,,,,,,,,,,,,,,,,,,,,,,,,,,,,,,,,,,,,,,,,,,,,,,,,,,,,,,,,,,,,,,,,,,,,,,,,,,,,,,,,,,,,,,,,,,,,,,,,,,,,,,,,,,,,,,,,,,,,,,,,,,,,
"Joyce DiDonato, Riccardo Muti, and Chicago Symphony Orchestra at Carnegie Hall, Stern Auditorium / Perelman Stage (November 15, 2019)",headline,http://www.songkick.com/artists/432665-riccardo-muti?utm_source=59227&utm_medium=partner,Riccardo Muti,40.76553,-73.98005,"The Four Seasons, Concerto No. 4 in F Minor","1,796","Carnegie Hall, Stern Auditorium / Perelman Stage",,,,,,,,,,,,,,,,,,,,,,,,,,,,,,,,,,,,,,,,,,,,,,,,,,,,,,,,,,,,,,,,,,,,,,,,,,,,,,,,,,,,,,,,,,,,,,,,,,,,,,,,,,,,,,,,,,,,,,,,,,,,,,,,,,,,,,,,,,,,,,,,,,,,,,,,,,,,,,,,,,,,,,,,,,,,,,,,,,,,,,,,,,,,,,,,,,,,,,,,,,,,,,,,,,,,,,,,,,
"Joyce DiDonato, Riccardo Muti, and Chicago Symphony Orchestra at Carnegie Hall, Stern Auditorium / Perelman Stage (November 15, 2019)",headline,http://www.songkick.com/artists/87493-chicago-symphony-orchestra?utm_source=59227&utm_medium=partner,Chicago Symphony Orchestra,40.76553,-73.98005,Symphony No. 7: III. Scherzo,"3,745","Carnegie Hall, Stern Auditorium / Perelman Stage",,,,,,,,,,,,,,,,,,,,,,,,,,,,,,,,,,,,,,,,,,,,,,,,,,,,,,,,,,,,,,,,,,,,,,,,,,,,,,,,,,,,,,,,,,,,,,,,,,,,,,,,,,,,,,,,,,,,,,,,,,,,,,,,,,,,,,,,,,,,,,,,,,,,,,,,,,,,,,,,,,,,,,,,,,,,,,,,,,,,,,,,,,,,,,,,,,,,,,,,,,,,,,,,,,,,,,,,,,
"New Rock City with The So Lows at The Broadway (November 15, 2019)",headline,http://www.songkick.com/artists/2881401-new-rock-city?utm_source=59227&utm_medium=partner,New Rock City,40.69094,-73.92489,Right Now,5,The Broadway,,,,,,,,,,,,,,,,,,,,,,,,,,,,,,,,,,,,,,,,,,,,,,,,,,,,,,,,,,,,,,,,,,,,,,,,,,,,,,,,,,,,,,,,,,,,,,,,,,,,,,,,,,,,,,,,,,,,,,,,,,,,,,,,,,,,,,,,,,,,,,,,,,,,,,,,,,,,,,,,,,,,,,,,,,,,,,,,,,,,,,,,,,,,,,,,,,,,,,,,,,,,,,,,,,,,,,,,,,
"New Rock City with The So Lows at The Broadway (November 15, 2019)",support,http://www.songkick.com/artists/10082525-so-lows?utm_source=59227&utm_medium=partner,The So Lows,40.69094,-73.92489,Gotta Get You,13,The Broadway,,,,,,,,,,,,,,,,,,,,,,,,,,,,,,,,,,,,,,,,,,,,,,,,,,,,,,,,,,,,,,,,,,,,,,,,,,,,,,,,,,,,,,,,,,,,,,,,,,,,,,,,,,,,,,,,,,,,,,,,,,,,,,,,,,,,,,,,,,,,,,,,,,,,,,,,,,,,,,,,,,,,,,,,,,,,,,,,,,,,,,,,,,,,,,,,,,,,,,,,,,,,,,,,,,,,,,,,,,
"Black Mountain with Ryley Walker at The Bowery Ballroom (November 15, 2019)",headline,http://www.songkick.com/artists/528367-black-mountain?utm_source=59227&utm_medium=partner,Black Mountain,40.72036,-73.99354,Wucan,"79,108",The Bowery Ballroom,,,,,,,,,,,,,,,,,,,,,,,,,,,,,,,,,,,,,,,,,,,,,,,,,,,,,,,,,,,,,,,,,,,,,,,,,,,,,,,,,,,,,,,,,,,,,,,,,,,,,,,,,,,,,,,,,,,,,,,,,,,,,,,,,,,,,,,,,,,,,,,,,,,,,,,,,,,,,,,,,,,,,,,,,,,,,,,,,,,,,,,,,,,,,,,,,,,,,,,,,,,,,,,,,,,,,,,,,,
"Black Mountain with Ryley Walker at The Bowery Ballroom (November 15, 2019)",support,http://www.songkick.com/artists/3723841-ryley-walker?utm_source=59227&utm_medium=partner,Ryley Walker,40.72036,-73.99354,The Roundabout,"25,046",The Bowery Ballroom,,,,,,,,,,,,,,,,,,,,,,,,,,,,,,,,,,,,,,,,,,,,,,,,,,,,,,,,,,,,,,,,,,,,,,,,,,,,,,,,,,,,,,,,,,,,,,,,,,,,,,,,,,,,,,,,,,,,,,,,,,,,,,,,,,,,,,,,,,,,,,,,,,,,,,,,,,,,,,,,,,,,,,,,,,,,,,,,,,,,,,,,,,,,,,,,,,,,,,,,,,,,,,,,,,,,,,,,,,
"ATLiens with Ray Volpe and JEANIE (US) at Lost Circus, Avant Gardner (November 15, 2019)",headline,http://www.songkick.com/artists/601766-atliens?utm_source=59227&utm_medium=partner,ATLiens,40.71074,-73.92579,Contact,"1,406","Lost Circus, Avant Gardner",,,,,,,,,,,,,,,,,,,,,,,,,,,,,,,,,,,,,,,,,,,,,,,,,,,,,,,,,,,,,,,,,,,,,,,,,,,,,,,,,,,,,,,,,,,,,,,,,,,,,,,,,,,,,,,,,,,,,,,,,,,,,,,,,,,,,,,,,,,,,,,,,,,,,,,,,,,,,,,,,,,,,,,,,,,,,,,,,,,,,,,,,,,,,,,,,,,,,,,,,,,,,,,,,,,,,,,,,,
"ATLiens with Ray Volpe and JEANIE (US) at Lost Circus, Avant Gardner (November 15, 2019)",support,http://www.songkick.com/artists/7455719-ray-volpe?utm_source=59227&utm_medium=partner,Ray Volpe,40.71074,-73.92579,Hunt Me Down,"3,110","Lost Circus, Avant Gardner",,,,,,,,,,,,,,,,,,,,,,,,,,,,,,,,,,,,,,,,,,,,,,,,,,,,,,,,,,,,,,,,,,,,,,,,,,,,,,,,,,,,,,,,,,,,,,,,,,,,,,,,,,,,,,,,,,,,,,,,,,,,,,,,,,,,,,,,,,,,,,,,,,,,,,,,,,,,,,,,,,,,,,,,,,,,,,,,,,,,,,,,,,,,,,,,,,,,,,,,,,,,,,,,,,,,,,,,,,
"ATLiens with Ray Volpe and JEANIE (US) at Lost Circus, Avant Gardner (November 15, 2019)",support,http://www.songkick.com/artists/9198314-jeanie-us?utm_source=59227&utm_medium=partner,JEANIE (US),40.71074,-73.92579,Unlisted,unlisted,"Lost Circus, Avant Gardner",,,,,,,,,,,,,,,,,,,,,,,,,,,,,,,,,,,,,,,,,,,,,,,,,,,,,,,,,,,,,,,,,,,,,,,,,,,,,,,,,,,,,,,,,,,,,,,,,,,,,,,,,,,,,,,,,,,,,,,,,,,,,,,,,,,,,,,,,,,,,,,,,,,,,,,,,,,,,,,,,,,,,,,,,,,,,,,,,,,,,,,,,,,,,,,,,,,,,,,,,,,,,,,,,,,,,,,,,,
"New York Philharmonic and Bryce Dessner at David Geffen Hall, Lincoln Center (November 15, 2019)",headline,http://www.songkick.com/artists/523856-new-york-philharmonic?utm_source=59227&utm_medium=partner,New York Philharmonic,40.7723,-73.98295,Adagio for Strings,"4,436","David Geffen Hall, Lincoln Center",,,,,,,,,,,,,,,,,,,,,,,,,,,,,,,,,,,,,,,,,,,,,,,,,,,,,,,,,,,,,,,,,,,,,,,,,,,,,,,,,,,,,,,,,,,,,,,,,,,,,,,,,,,,,,,,,,,,,,,,,,,,,,,,,,,,,,,,,,,,,,,,,,,,,,,,,,,,,,,,,,,,,,,,,,,,,,,,,,,,,,,,,,,,,,,,,,,,,,,,,,,,,,,,,,,,,,,,,,
"New York Philharmonic and Bryce Dessner at David Geffen Hall, Lincoln Center (November 15, 2019)",headline,http://www.songkick.com/artists/2750056-bryce-dessner?utm_source=59227&utm_medium=partner,Bryce Dessner,40.7723,-73.98295,Imagining Buffalo,"6,915","David Geffen Hall, Lincoln Center",,,,,,,,,,,,,,,,,,,,,,,,,,,,,,,,,,,,,,,,,,,,,,,,,,,,,,,,,,,,,,,,,,,,,,,,,,,,,,,,,,,,,,,,,,,,,,,,,,,,,,,,,,,,,,,,,,,,,,,,,,,,,,,,,,,,,,,,,,,,,,,,,,,,,,,,,,,,,,,,,,,,,,,,,,,,,,,,,,,,,,,,,,,,,,,,,,,,,,,,,,,,,,,,,,,,,,,,,,
"Katherine Young with Ryoko Akama at Issue Project Room (November 15, 2019)",headline,http://www.songkick.com/artists/1667337-katherine-young?utm_source=59227&utm_medium=partner,Katherine Young,40.6908,-73.98956,Terra Incognita,112,Issue Project Room,,,,,,,,,,,,,,,,,,,,,,,,,,,,,,,,,,,,,,,,,,,,,,,,,,,,,,,,,,,,,,,,,,,,,,,,,,,,,,,,,,,,,,,,,,,,,,,,,,,,,,,,,,,,,,,,,,,,,,,,,,,,,,,,,,,,,,,,,,,,,,,,,,,,,,,,,,,,,,,,,,,,,,,,,,,,,,,,,,,,,,,,,,,,,,,,,,,,,,,,,,,,,,,,,,,,,,,,,,
"Katherine Young with Ryoko Akama at Issue Project Room (November 15, 2019)",support,http://www.songkick.com/artists/6017909-ryoko-akama?utm_source=59227&utm_medium=partner,Ryoko Akama,40.6908,-73.98956,Jiwa Jiwa,306,Issue Project Room,,,,,,,,,,,,,,,,,,,,,,,,,,,,,,,,,,,,,,,,,,,,,,,,,,,,,,,,,,,,,,,,,,,,,,,,,,,,,,,,,,,,,,,,,,,,,,,,,,,,,,,,,,,,,,,,,,,,,,,,,,,,,,,,,,,,,,,,,,,,,,,,,,,,,,,,,,,,,,,,,,,,,,,,,,,,,,,,,,,,,,,,,,,,,,,,,,,,,,,,,,,,,,,,,,,,,,,,,,
"Pokey LaFarge with Jake La Botz at The Bell House (November 15, 2019)",headline,http://www.songkick.com/artists/271625-pokey-lafarge?utm_source=59227&utm_medium=partner,Pokey LaFarge,40.67352,-73.99176,Something In The Water,"12,165",The Bell House,,,,,,,,,,,,,,,,,,,,,,,,,,,,,,,,,,,,,,,,,,,,,,,,,,,,,,,,,,,,,,,,,,,,,,,,,,,,,,,,,,,,,,,,,,,,,,,,,,,,,,,,,,,,,,,,,,,,,,,,,,,,,,,,,,,,,,,,,,,,,,,,,,,,,,,,,,,,,,,,,,,,,,,,,,,,,,,,,,,,,,,,,,,,,,,,,,,,,,,,,,,,,,,,,,,,,,,,,,
"Pokey LaFarge with Jake La Botz at The Bell House (November 15, 2019)",support,http://www.songkick.com/artists/515119-jake-la-botz?utm_source=59227&utm_medium=partner,Jake La Botz,40.67352,-73.99176,Hobo on a Passenger Train,619,The Bell House,,,,,,,,,,,,,,,,,,,,,,,,,,,,,,,,,,,,,,,,,,,,,,,,,,,,,,,,,,,,,,,,,,,,,,,,,,,,,,,,,,,,,,,,,,,,,,,,,,,,,,,,,,,,,,,,,,,,,,,,,,,,,,,,,,,,,,,,,,,,,,,,,,,,,,,,,,,,,,,,,,,,,,,,,,,,,,,,,,,,,,,,,,,,,,,,,,,,,,,,,,,,,,,,,,,,,,,,,,
"Ryan Caraveo and Khary at Baby's All Right (November 15, 2019)",headline,http://www.songkick.com/artists/8204888-ryan-caraveo?utm_source=59227&utm_medium=partner,Ryan Caraveo,40.70999,-73.96347,Paradise,"6,218",Baby's All Right,,,,,,,,,,,,,,,,,,,,,,,,,,,,,,,,,,,,,,,,,,,,,,,,,,,,,,,,,,,,,,,,,,,,,,,,,,,,,,,,,,,,,,,,,,,,,,,,,,,,,,,,,,,,,,,,,,,,,,,,,,,,,,,,,,,,,,,,,,,,,,,,,,,,,,,,,,,,,,,,,,,,,,,,,,,,,,,,,,,,,,,,,,,,,,,,,,,,,,,,,,,,,,,,,,,,,,,,,,
"Ryan Caraveo and Khary at Baby's All Right (November 15, 2019)",headline,http://www.songkick.com/artists/8876204-khary?utm_source=59227&utm_medium=partner,Khary,40.70999,-73.96347,Find Me (prod. by Lege Kale),"3,242",Baby's All Right,,,,,,,,,,,,,,,,,,,,,,,,,,,,,,,,,,,,,,,,,,,,,,,,,,,,,,,,,,,,,,,,,,,,,,,,,,,,,,,,,,,,,,,,,,,,,,,,,,,,,,,,,,,,,,,,,,,,,,,,,,,,,,,,,,,,,,,,,,,,,,,,,,,,,,,,,,,,,,,,,,,,,,,,,,,,,,,,,,,,,,,,,,,,,,,,,,,,,,,,,,,,,,,,,,,,,,,,,,
"Amy Rivard at Tavern On The Green (November 15, 2019)",headline,http://www.songkick.com/artists/8666139-amy-rivard?utm_source=59227&utm_medium=partner,Amy Rivard,40.77352,-73.97884,S'wonderful,3,Tavern On The Green,,,,,,,,,,,,,,,,,,,,,,,,,,,,,,,,,,,,,,,,,,,,,,,,,,,,,,,,,,,,,,,,,,,,,,,,,,,,,,,,,,,,,,,,,,,,,,,,,,,,,,,,,,,,,,,,,,,,,,,,,,,,,,,,,,,,,,,,,,,,,,,,,,,,,,,,,,,,,,,,,,,,,,,,,,,,,,,,,,,,,,,,,,,,,,,,,,,,,,,,,,,,,,,,,,,,,,,,,,
"Anna Tivel and Maya de Vitry at Jalopy Theatre (November 15, 2019)",headline,http://www.songkick.com/artists/5201748-anna-tivel?utm_source=59227&utm_medium=partner,Anna Tivel,40.68131,-74.0042,Illinois,"6,425",Jalopy Theatre,,,,,,,,,,,,,,,,,,,,,,,,,,,,,,,,,,,,,,,,,,,,,,,,,,,,,,,,,,,,,,,,,,,,,,,,,,,,,,,,,,,,,,,,,,,,,,,,,,,,,,,,,,,,,,,,,,,,,,,,,,,,,,,,,,,,,,,,,,,,,,,,,,,,,,,,,,,,,,,,,,,,,,,,,,,,,,,,,,,,,,,,,,,,,,,,,,,,,,,,,,,,,,,,,,,,,,,,,,
"Anna Tivel and Maya de Vitry at Jalopy Theatre (November 15, 2019)",headline,http://www.songkick.com/artists/9404214-maya-de-vitry?utm_source=59227&utm_medium=partner,Maya de Vitry,40.68131,-74.0042,Wilderness,"2,428",Jalopy Theatre,,,,,,,,,,,,,,,,,,,,,,,,,,,,,,,,,,,,,,,,,,,,,,,,,,,,,,,,,,,,,,,,,,,,,,,,,,,,,,,,,,,,,,,,,,,,,,,,,,,,,,,,,,,,,,,,,,,,,,,,,,,,,,,,,,,,,,,,,,,,,,,,,,,,,,,,,,,,,,,,,,,,,,,,,,,,,,,,,,,,,,,,,,,,,,,,,,,,,,,,,,,,,,,,,,,,,,,,,,
"B L U E O X at Bowery Electric (November 15, 2019)",headline,http://www.songkick.com/artists/10059846-b-l-u-e-o-x?utm_source=59227&utm_medium=partner,B L U E O X,40.72575,-73.9918,Panic Attack,3,Bowery Electric,,,,,,,,,,,,,,,,,,,,,,,,,,,,,,,,,,,,,,,,,,,,,,,,,,,,,,,,,,,,,,,,,,,,,,,,,,,,,,,,,,,,,,,,,,,,,,,,,,,,,,,,,,,,,,,,,,,,,,,,,,,,,,,,,,,,,,,,,,,,,,,,,,,,,,,,,,,,,,,,,,,,,,,,,,,,,,,,,,,,,,,,,,,,,,,,,,,,,,,,,,,,,,,,,,,,,,,,,,
"David Byrne at Hudson Theatre (November 15, 2019)",headline,http://www.songkick.com/artists/275672-david-byrne?utm_source=59227&utm_medium=partner,David Byrne,40.75694,-73.98487,Like Humans Do (radio edit),"45,319",Hudson Theatre,,,,,,,,,,,,,,,,,,,,,,,,,,,,,,,,,,,,,,,,,,,,,,,,,,,,,,,,,,,,,,,,,,,,,,,,,,,,,,,,,,,,,,,,,,,,,,,,,,,,,,,,,,,,,,,,,,,,,,,,,,,,,,,,,,,,,,,,,,,,,,,,,,,,,,,,,,,,,,,,,,,,,,,,,,,,,,,,,,,,,,,,,,,,,,,,,,,,,,,,,,,,,,,,,,,,,,,,,,
"Close Talker at The Sultan Room (November 15, 2019)",headline,http://www.songkick.com/artists/5344883-close-talker?utm_source=59227&utm_medium=partner,Close Talker,40.70559,-73.92234,Strange Feeling,"2,636",The Sultan Room,,,,,,,,,,,,,,,,,,,,,,,,,,,,,,,,,,,,,,,,,,,,,,,,,,,,,,,,,,,,,,,,,,,,,,,,,,,,,,,,,,,,,,,,,,,,,,,,,,,,,,,,,,,,,,,,,,,,,,,,,,,,,,,,,,,,,,,,,,,,,,,,,,,,,,,,,,,,,,,,,,,,,,,,,,,,,,,,,,,,,,,,,,,,,,,,,,,,,,,,,,,,,,,,,,,,,,,,,,
"Katastro at Knitting Factory - Brooklyn (November 15, 2019)",headline,http://www.songkick.com/artists/936395-katastro?utm_source=59227&utm_medium=partner,Katastro,40.7143,-73.95587,Flow,"2,959",Knitting Factory - Brooklyn,,,,,,,,,,,,,,,,,,,,,,,,,,,,,,,,,,,,,,,,,,,,,,,,,,,,,,,,,,,,,,,,,,,,,,,,,,,,,,,,,,,,,,,,,,,,,,,,,,,,,,,,,,,,,,,,,,,,,,,,,,,,,,,,,,,,,,,,,,,,,,,,,,,,,,,,,,,,,,,,,,,,,,,,,,,,,,,,,,,,,,,,,,,,,,,,,,,,,,,,,,,,,,,,,,,,,,,,,,
"Joao at Jazz Standard (November 15, 2019)",headline,http://www.songkick.com/artists/534338-joao?utm_source=59227&utm_medium=partner,Joao,40.74236,-73.98373,Over the Tide,76,Jazz Standard,,,,,,,,,,,,,,,,,,,,,,,,,,,,,,,,,,,,,,,,,,,,,,,,,,,,,,,,,,,,,,,,,,,,,,,,,,,,,,,,,,,,,,,,,,,,,,,,,,,,,,,,,,,,,,,,,,,,,,,,,,,,,,,,,,,,,,,,,,,,,,,,,,,,,,,,,,,,,,,,,,,,,,,,,,,,,,,,,,,,,,,,,,,,,,,,,,,,,,,,,,,,,,,,,,,,,,,,,,